﻿<?xml version="1.0" encoding="utf-8"?>
<Project ToolsVersion="15.0" xmlns="http://schemas.microsoft.com/developer/msbuild/2003">
  <PropertyGroup>
    <IncludeCompositeObjects>True</IncludeCompositeObjects>
    <TargetDatabaseName>da-dev-eus2-analytics-fw-db</TargetDatabaseName>
    <DeployScriptFileName>Framework.sql</DeployScriptFileName>   
    <BlockOnPossibleDataLoss>False</BlockOnPossibleDataLoss>
    <DoNotAlterReplicatedObjects>False</DoNotAlterReplicatedObjects>
    <IncludeTransactionalScripts>True</IncludeTransactionalScripts>
    <DropObjectsNotInSource>True</DropObjectsNotInSource>
    <DoNotDropApplicationRoles>True</DoNotDropApplicationRoles>
    <DoNotDropAssemblies>True</DoNotDropAssemblies>
    <DoNotDropAsymmetricKeys>True</DoNotDropAsymmetricKeys>
    <DoNotDropAudits>True</DoNotDropAudits>
    <DoNotDropBrokerPriorities>True</DoNotDropBrokerPriorities>
    <DoNotDropCertificates>True</DoNotDropCertificates>
    <DoNotDropClrUserDefinedTypes>True</DoNotDropClrUserDefinedTypes>
    <DoNotDropColumnEncryptionKeys>True</DoNotDropColumnEncryptionKeys>
    <DoNotDropContracts>True</DoNotDropContracts>
    <DoNotDropCredentials>True</DoNotDropCredentials>
    <DoNotDropCryptographicProviders>True</DoNotDropCryptographicProviders>
    <DoNotDropDatabaseAuditSpecifications>True</DoNotDropDatabaseAuditSpecifications>
    <DoNotDropDatabaseRoles>False</DoNotDropDatabaseRoles>
    <DoNotDropEndpoints>True</DoNotDropEndpoints>
    <DoNotDropDefaults>True</DoNotDropDefaults>
    <DoNotDropErrorMessages>True</DoNotDropErrorMessages>
    <DoNotDropEventNotifications>True</DoNotDropEventNotifications>
    <DoNotDropEventSessions>True</DoNotDropEventSessions>
    <DoNotDropLogins>True</DoNotDropLogins>
    <DoNotDropRoleMembership>True</DoNotDropRoleMembership>
    <ProfileVersionNumber>1</ProfileVersionNumber>
  </PropertyGroup>
</Project>