{
    "$schema": "http://schema.management.azure.com/schemas/2014-04-01-preview/deploymentTemplate.json#",
    "contentVersion": "1.0.0.0",
    "parameters": {
        "metadataSqlServerName": {
            "value": "dummymetadataser"
        },
        "location": {           
            "value": "eastus"
        },        
        "metadataAdministratorLogin": {
            "value": "bubba"
        },
        "metadataAdministratorLoginPassword": {            
            "value": "password@123"
        },
        "metadataDatabaseName": {
            "value": "dummymetadatadb"
        },
        "metadataDbSkuName": {
           "value": "S0"           
        },
        "metadataDbSkuTier": {
           "value": "Standard"
        },
        "metadataDbCollation": {
            "value": "SQL_Latin1_General_CP1_CI_AS"
        }
    }
}