{
    "$schema": "https://schema.management.azure.com/schemas/2015-01-01/deploymentParameters.json#",
    "contentVersion": "1.0.0.0",
    "parameters": {
        "workflowName": {
            "value": "briantest"
        },
        "workflowLocation": {
            "value": "East US 2"
        },
        "workflowSchema": {
            "value": "https://schema.management.azure.com/providers/Microsoft.Logic/schemas/2016-06-01/workflowdefinition.json#"
        },
        "tags": {
            "value": {}
        }
    }
}