﻿{
  "$schema": "https://schema.management.azure.com/schemas/2015-01-01/deploymentParameters.json#",
  "contentVersion": "1.0.0.0",
  "parameters": {
    "keyVaultName": {
      "value": "customername-environmentname-projectname-kv01"
    },
    "Location": {
      "value": "East US 2"
    },
    "SPObjectID": {
      "value": ""
    },
    "ContributorADGroupObjectID": {
      "value": ""
    },
    "Tags": {
      "value": {
        "BrianTag1": "Tag1Val",
        "Dept": "Finance"
      }
    },
    "workspaceName": {
      "value": ""
    }
  }
}