﻿{
  "$schema": "https://schema.management.azure.com/schemas/2015-01-01/deploymentTemplate.json#",
  "contentVersion": "1.0.0.0",
  "parameters": {
    "keyVaultName": {
      "type": "string",
      "metadata": {
        "description": "Name of the Key Vault"
      }
    },
    "tenantId": {
      "type": "String",
      "defaultValue": "[subscription().tenantId]",
      "metadata": {
        "description": "Tenant Id for the subscription and use assigned access to the vault. Available from the Get-AzureRMSubscription PowerShell cmdlet"
      }
    },
    "SPObjectID": {
      "type": "String",
      "defaultValue": "",
      "metadata": {
        "description": "Admin Service Principal Enterprise Application Object ID"
      }
    },
    "ContributorADGroupObjectID": {
      "type": "string",
      "defaultValue": "",
      "metadata": {
        "description": "Contributor AD Group Object ID"
      }
    },
    "vaultSku": {
      "type": "string",
      "defaultValue": "Standard",
      "allowedValues": [
        "Standard",
        "Premium"
      ],
      "metadata": {
        "description": "SKU for the vault"
      }
    },
    "enabledForDeployment": {
      "type": "bool",
      "defaultValue": false,
      "metadata": {
        "description": "Specifies if the vault is enabled for VM or Service Fabric deployment"
      }
    },
    "enabledForTemplateDeployment": {
      "type": "bool",
      "defaultValue": false,
      "metadata": {
        "description": "Specifies if the vault is enabled for ARM template deployment"
      }
    },
    "enableVaultForVolumeEncryption": {
      "type": "bool",
      "defaultValue": false,
      "metadata": {
        "description": "Specifies if the vault is enabled for volume encryption"
      }
    },
    "Location": {
      "type": "string",
      "defaultValue": "[resourceGroup().location]",
      "metadata": {
        "description": "Location for all resources."
      }
    },
    "Tags": {
      "type": "object",
      "defaultValue": {}
    },
    "workspaceName": {
      "type": "string",      
      "metadata": {
        "description": "Synpase workspace name."
      }
    }
  },
  "resources": [
    {
      "type": "Microsoft.KeyVault/vaults",
      "name": "[parameters('keyVaultName')]",
      "apiVersion": "2015-06-01",
      "location": "[parameters('Location')]",
      "tags": "[parameters('Tags')]",
      "properties": {
        "enabledForDeployment": "[parameters('enabledForDeployment')]",
        "enabledForTemplateDeployment": "[parameters('enabledForTemplateDeployment')]",
        "enabledForVolumeEncryption": "[parameters('enableVaultForVolumeEncryption')]",
        "tenantId": "[parameters('tenantId')]",
        "accessPolicies": [
          {
            "tenantId": "[parameters('tenantId')]",
            "objectId": "[parameters('SPObjectID')]",
            "permissions": {
              "keys": [
                "All"
              ],
              "secrets": [
                "All"
              ]
            }
          },
          {
            "tenantId": "[parameters('tenantId')]",
            "objectId": "[parameters('ContributorADGroupObjectID')]",
            "permissions": {
              "keys": [
                "All"
              ],
              "secrets": [
                "All"
              ]
            }
          },
          {
            "tenantId": "[parameters('tenantId')]",
            "objectId": "[reference(concat('Microsoft.Synapse/workspaces/', parameters('workspaceName')), '2019-06-01-preview', 'Full').identity.principalId]",
            "permissions": {
              "keys": [
                "All"
              ],
              "secrets": [
                "All"
              ]
            }
          }
        ],
        "sku": {
          "name": "[parameters('vaultSku')]",
          "family": "A"
        }
      }
    }
  ]
}