{
    "$schema": "http://schema.management.azure.com/schemas/2014-04-01-preview/deploymentTemplate.json#",
    "contentVersion": "1.0.0.0",
    "parameters": {
        "sqlPoolName": {
            "value": "ckvsqlpoolnewn"
        },
        "workspaceName": {
            "value": "ckvsynapsepocnewn"
        },
        "location": {
            "value": "eastus"
        },
        "tags": {
            "value": {}
        },
        "sku": {
            "value": "DW100c"
        },
        "collation": {
            "value": "SQL_Latin1_General_CP1_CI_AS"
        }
    }
}