﻿{
    "$schema": "https://schema.management.azure.com/schemas/2015-01-01/deploymentParameters.json#",
    "contentVersion": "1.0.0.0",
    "parameters": {
        "AutomationAccountName": {
            "value": "brianAA"
        },
        "Location": {
            "value": "East US 2"
        },
        "Tags": {
            "value": {
                "BrianTag1": "Tag1Val",
                "Dept": "Finance"
            }
        },
        "Sku": {
           "value": "Basic"
        }
    }
}